老友记重聚特辑,magnet:?xt=urn:btih:3076a3e03a412fe7411b8c163030a3dc5f9baad4&dn=[电影天堂www.dytt89.com]老友记重聚特辑-2021_BD中英双字.mp4&tr=http://t.t789.me:2710/announce&tr=http://t.t789.co:2710/announce&tr=http://t.t789.vip:2710/announce
拆弹专家2,magnet:?xt=urn:btih:7c1cf3658cfa923ee0615912eb1c598f9ce97147&dn=[电影天堂www.dytt89.com]拆弹专家2-2020_BD国粤双语中字.mp4&tr=http://t.t789.me:2710/announce&tr=http://t.t789.co:2710/announce&tr=http://t.t789.vip:2710/announce
电锯惊魂9：漩涡,magnet:?xt=urn:btih:29de658401786b1185120eff4246ea7b062b51e5&dn=[电影天堂www.dytt89.com]电锯惊魂9：漩涡-2021_BD中英双字.mp4&tr=http://t.t789.me:2710/announce&tr=http://t.t789.co:2710/announce&tr=http://t.t789.vip:2710/announce
扫黑・决战,magnet:?xt=urn:btih:e531022a5a569a149d64892a7a6c410f32470c8e&dn=[电影天堂www.dytt89.com]扫黑・决战-2021_HD国语中字.mp4&tr=http://t.t789.me:2710/announce&tr=http://t.t789.co:2710/announce&tr=http://t.t789.vip:2710/announce
人之怒,magnet:?xt=urn:btih:03894319cff48dad570d7a2c4b9e1da8473bb247&dn=[电影天堂www.dytt89.com]人之怒-2021_BD中英双字幕精译版.mp4&tr=http://t.t789.me:2710/announce&tr=http://t.t789.co:2710/announce&tr=http://t.t789.vip:2710/announce
唐人街探案3,magnet:?xt=urn:btih:6c2885499fc38ba86e0c18931c5b65b8082c6cc5&dn=[电影天堂www.dytt89.com]唐人街探案3-2021_4K国语中字.mp4&tr=http://t.t789.me:2710/announce&tr=http://t.t789.co:2710/announce&tr=http://t.t789.vip:2710/announce
活死人军团,magnet:?xt=urn:btih:c3f1495b72d22ddf6434c54b7f1061bb500f47c5&dn=[电影天堂www.dytt89.com]活死人军团-2021_BD中英双字.mp4&tr=http://t.t789.me:2710/announce&tr=http://t.t789.co:2710/announce&tr=http://t.t789.vip:2710/announce
阳光普照,magnet:?xt=urn:btih:a796fe861aa91842a1625cdd84e1797b44c6568a&dn=[电影天堂www.dytt89.com]阳光普照-2019_HD国语中字.mp4&tr=http://t.t789.me:2710/announce&tr=http://t.t789.co:2710/announce&tr=http://t.t789.vip:2710/announce
罗小黑战记,magnet:?xt=urn:btih:32915c1044b0497849c1635c1b27e7e8f2a803d0&dn=[电影天堂www.dy2018.com]罗小黑战记HD国语中字.mkv&tr=http://t.t789.me:2710/announce&tr=http://t.t789.co:2710/announce&tr=http://t.t789.vip:2710/announce
真・三国无双,magnet:?xt=urn:btih:7a1c89a714e2cc6b6fde4822a70107c5cddac0b9&dn=[电影天堂www.dytt89.com]真・三国无双-2021_HD粤语中英双字.mp4&tr=http://t.t789.me:2710/announce&tr=http://t.t789.co:2710/announce&tr=http://t.t789.vip:2710/announce
你好，李焕英,magnet:?xt=urn:btih:c99c050285decb69d8c7d04802d0066e18deb4f3&dn=[电影天堂www.dytt89.com]你好，李焕英-2021_HD国语中英双字.mp4&tr=http://t.t789.me:2710/announce&tr=http://t.t789.co:2710/announce&tr=http://t.t789.vip:2710/announce
小人物,magnet:?xt=urn:btih:ef6006794b90b446ce8a55957b2aa26c76388642&dn=[电影天堂www.dytt89.com]小人物-2021_BD中英双字.mp4&tr=http://t.t789.me:2710/announce&tr=http://t.t789.co:2710/announce&tr=http://t.t789.vip:2710/announce
缉魂,magnet:?xt=urn:btih:9d3ae0c83e58a260e45fb525f9341da00848c11d&dn=[电影天堂www.dytt89.com]缉魂-2021_HD国语中字无删减版.mp4&tr=http://t.t789.me:2710/announce&tr=http://t.t789.co:2710/announce&tr=http://t.t789.vip:2710/announce
人潮汹涌,magnet:?xt=urn:btih:6835a47849c56cf9a431c1cbb903eece18735f33&dn=[电影天堂www.dytt89.com]人潮汹涌-2021_HD国语中字.mp4&tr=http://t.t789.me:2710/announce&tr=http://t.t789.co:2710/announce&tr=http://t.t789.vip:2710/announce
刺杀小说家,magnet:?xt=urn:btih:f269992eb6cf6ad253c75a42739f44d1b02432b4&dn=[电影天堂www.dytt89.com]刺杀小说家-2021_HD国语中字V2.mp4&tr=http://t.t789.me:2710/announce&tr=http://t.t789.co:2710/announce&tr=http://t.t789.vip:2710/announce
